time,latitude,longitude,mag,mag2,color,place
2017-07-29T00:02:40.910Z,40.7821667,-125.1806667,5.08,> 5,red,"75km WNW of Ferndale, California"
2017-08-10T18:59:34.260Z,41.9555,-126.0401667,4.64,5-Apr,darkorchid,"113km W of Brookings, Oregon"
2017-07-29T17:08:26.240Z,41.0753333,-125.3303333,4.58,5-Apr,darkorchid,"102km WNW of Eureka, California"
2017-07-29T00:42:24.990Z,31.3395,-115.3793333,4.29,5-Apr,darkorchid,"101km SSW of Alberto Oviedo Mota, B.C., MX"
2017-08-03T02:56:37.170Z,35.6785,-97.4164,4.2,5-Apr,darkorchid,"6km ENE of Edmond, Oklahoma"
2017-08-12T03:00:10.260Z,38.0601667,-118.9173333,3.95,4-Mar,darkorange,"35km SE of Bridgeport, California"
2017-07-20T19:42:21.190Z,31.8471667,-117.0895,3.88,4-Mar,darkorange,"39km W of El Sauzal, B.C., MX"
2017-08-09T21:15:31.210Z,37.0967,-97.6221,3.7,4-Mar,darkorange,"7km N of Caldwell, Kansas"
2017-07-23T22:36:01.300Z,46.9018333,-112.5116667,3.7,4-Mar,darkorange,"14km ESE of Lincoln, Montana"
2017-08-01T11:00:07.930Z,31.2615,-116.812,3.64,4-Mar,darkorange,"56km SSW of Maneadero, B.C., MX"
2017-07-18T20:31:10.470Z,44.7875,-111.0378333,3.61,4-Mar,darkorange,"13km NNE of West Yellowstone, Montana"
2017-07-26T19:43:57.700Z,33.1646667,-115.6463333,3.6,4-Mar,darkorange,"13km WNW of Calipatria, CA"
2017-07-19T00:20:05.300Z,36.0399,-97.1245,3.6,4-Mar,darkorange,"10km SW of Stillwater, Oklahoma"
2017-08-03T21:25:01.990Z,40.3998333,-120.004,3.56,4-Mar,darkorange,"45km ENE of Janesville, California"
2017-08-03T06:40:44.070Z,35.6703,-97.4075,3.5,4-Mar,darkorange,"6km ENE of Edmond, Oklahoma"
2017-08-02T05:18:53.160Z,35.6744,-97.4014,3.5,4-Mar,darkorange,"7km ENE of Edmond, Oklahoma"
2017-08-09T20:40:50.170Z,34.2396667,-116.8856667,3.49,4-Mar,darkorange,"2km E of Big Bear Lake, CA"
2017-07-28T00:48:48.690Z,35.6225,-118.1495,3.47,4-Mar,darkorange,"29km ESE of Kernville, CA"
2017-08-14T08:08:21.080Z,37.4643333,-118.8211667,3.45,4-Mar,darkorange,"24km SSE of Mammoth Lakes, California"
2017-08-17T03:52:31.900Z,36.1327,-97.8145,3.4,4-Mar,darkorange,"8km ENE of Hennessey, Oklahoma"
2017-08-05T20:13:01.070Z,37.2823,-97.6206,3.4,4-Mar,darkorange,"12km S of Conway Springs, Kansas"
2017-08-01T06:25:12.730Z,37.1274,-97.6009,3.4,4-Mar,darkorange,"10km N of Caldwell, Kansas"
2017-08-14T08:47:39.650Z,37.462,-118.8211667,3.39,4-Mar,darkorange,"24km SSE of Mammoth Lakes, California"
2017-08-12T08:40:00.150Z,36.2983333,-120.3228333,3.39,4-Mar,darkorange,"17km N of Coalinga, California"
2017-07-24T19:53:16.300Z,47.7025,-120.0191667,3.33,4-Mar,darkorange,"7km NNE of Waterville, Washington"
2017-07-26T19:08:42.550Z,33.1666667,-115.6446667,3.32,4-Mar,darkorange,"13km WNW of Calipatria, CA"
2017-08-05T03:32:52.080Z,37.132,-97.6125,3.3,4-Mar,darkorange,"11km N of Caldwell, Kansas"
2017-08-03T16:11:46.390Z,35.6668,-97.4054,3.3,4-Mar,darkorange,"6km ENE of Edmond, Oklahoma"
2017-08-02T20:45:26.900Z,35.6704,-97.4038,3.3,4-Mar,darkorange,"7km ENE of Edmond, Oklahoma"
2017-08-01T19:43:48.390Z,36.5376,-98.9635,3.3,4-Mar,darkorange,"24km ENE of Mooreland, Oklahoma"
2017-07-23T17:11:23.900Z,36.7494,-98.0416,3.3,4-Mar,darkorange,"28km E of Cherokee, Oklahoma"
2017-07-27T01:36:22.400Z,38.584,-122.4186667,3.27,4-Mar,darkorange,"2km ENE of Angwin, California"
2017-08-05T11:17:11.840Z,44.7973333,-111.0706667,3.26,4-Mar,darkorange,"15km N of West Yellowstone, Montana"
2017-07-30T01:01:42.260Z,37.5696667,-118.8886667,3.26,4-Mar,darkorange,"11km SE of Mammoth Lakes, California"
2017-08-13T01:59:54.760Z,46.9165,-112.595,3.24,4-Mar,darkorange,"7km ESE of Lincoln, Montana"
2017-08-10T17:14:42.250Z,32.81,-115.4603333,3.23,4-Mar,darkorange,"8km W of Holtville, CA"
2017-08-14T11:11:02.360Z,34.286,-117.0581667,3.21,4-Mar,darkorange,"10km NNE of Running Springs, CA"
2017-08-09T07:13:36.520Z,36.2303,-98.4112,3.2,4-Mar,darkorange,"7km SE of Fairview, Oklahoma"
2017-08-03T14:50:10.110Z,35.857,-96.6826,3.2,4-Mar,darkorange,"12km N of Stroud, Oklahoma"
2017-08-03T04:37:59.100Z,36.4612,-98.8317,3.2,4-Mar,darkorange,"33km E of Mooreland, Oklahoma"
2017-08-03T04:33:52.520Z,36.4556,-98.7933,3.2,4-Mar,darkorange,"34km NW of Fairview, Oklahoma"
2017-07-23T06:53:22.580Z,46.8037,-112.5401,3.2,4-Mar,darkorange,"19km SSE of Lincoln, Montana"
2017-07-18T21:59:51.300Z,35.8642,-96.6838,3.2,4-Mar,darkorange,"13km N of Stroud, Oklahoma"
2017-07-23T22:29:59.190Z,46.9115,-112.5093333,3.17,4-Mar,darkorange,"13km ESE of Lincoln, Montana"
2017-08-17T14:10:55.050Z,33.9933333,-116.8011667,3.14,4-Mar,darkorange,"8km N of Cabazon, CA"
2017-08-14T07:20:59.940Z,45.0448333,-117.2135,3.14,4-Mar,darkorange,"34km S of Joseph, Oregon"
2017-08-08T08:43:17.440Z,46.8751667,-112.5375,3.14,4-Mar,darkorange,"14km SE of Lincoln, Montana"
2017-07-24T17:45:24.620Z,37.5435,-118.8153333,3.13,4-Mar,darkorange,"18km SE of Mammoth Lakes, California"
2017-08-01T13:16:12.730Z,44.8021667,-111.0778333,3.12,4-Mar,darkorange,"15km N of West Yellowstone, Montana"
2017-08-15T17:13:16.110Z,36.9692,-99.3456,3.1,4-Mar,darkorange,"29km ENE of Buffalo, Oklahoma"
2017-08-15T17:05:10.560Z,36.9907,-99.3741,3.1,4-Mar,darkorange,"28km NE of Buffalo, Oklahoma"
2017-08-10T22:57:04.570Z,44.6987,-111.7701,3.1,4-Mar,darkorange,"52km W of West Yellowstone, Montana"
2017-08-01T07:42:22.100Z,36.4562,-98.8023,3.1,4-Mar,darkorange,"35km NW of Fairview, Oklahoma"
2017-07-20T22:30:13.420Z,31.8368333,-117.0771667,3.07,4-Mar,darkorange,"38km W of El Sauzal, B.C., MX"
2017-07-31T02:16:19.620Z,36.3061667,-89.4903333,3.05,4-Mar,darkorange,"4km N of Ridgely, Tennessee"
2017-08-05T17:10:23.600Z,35.7306667,-121.082,3.03,4-Mar,darkorange,"13km NE of San Simeon, California"
2017-07-26T15:31:02.780Z,37.4638333,-118.8243333,3.03,4-Mar,darkorange,"24km SSE of Mammoth Lakes, California"
2017-08-15T02:03:00.360Z,44.788,-111.048,3.02,4-Mar,darkorange,"14km NNE of West Yellowstone, Montana"
2017-08-12T16:49:34.030Z,40.1131667,-123.079,3.02,4-Mar,darkorange,"38km NNE of Covelo, California"
2017-08-14T01:06:52.100Z,36.4583,-98.7745,3,4-Mar,darkorange,"33km NW of Fairview, Oklahoma"
2017-08-12T11:59:45.160Z,46.8718333,-112.5308333,3,4-Mar,darkorange,"14km SE of Lincoln, Montana"
2017-08-12T08:51:13.670Z,36.4475,-98.7758,3,4-Mar,darkorange,"33km NW of Fairview, Oklahoma"
2017-08-11T21:30:02.750Z,46.9179,-112.5811,3,4-Mar,darkorange,"8km ESE of Lincoln, Montana"
2017-08-05T20:12:33.070Z,36.6036,-97.81,3,4-Mar,darkorange,"23km NNE of Enid, Oklahoma"
2017-08-05T03:14:10.770Z,37.135,-97.6137,3,4-Mar,darkorange,"11km N of Caldwell, Kansas"
2017-08-02T07:49:33.110Z,35.6811,-97.4127,3,4-Mar,darkorange,"6km ENE of Edmond, Oklahoma"
2017-08-02T02:42:17.800Z,35.669,-97.3985,3,4-Mar,darkorange,"7km ENE of Edmond, Oklahoma"
2017-07-30T00:13:44.610Z,38.0299,-97.9922,3,4-Mar,darkorange,"4km W of South Hutchinson, Kansas"
2017-07-25T17:09:20.610Z,46.9202,-112.5403,3,4-Mar,darkorange,"11km ESE of Lincoln, Montana"
2017-07-24T18:23:38.510Z,32.8936667,-116.2683333,3,4-Mar,darkorange,"26km ENE of Pine Valley, CA"
2017-08-10T14:41:33.190Z,44.7851667,-111.05,2.99,3-Feb,dodgerblue,"14km NNE of West Yellowstone, Montana"
2017-08-05T21:52:18.080Z,37.489,-118.8365,2.99,3-Feb,dodgerblue,"21km SE of Mammoth Lakes, California"
2017-08-12T18:09:27.410Z,40.3848343,-124.9869995,2.98,3-Feb,dodgerblue,"64km WSW of Ferndale, California"
2017-08-07T08:44:05.170Z,32.8191667,-115.4661667,2.95,3-Feb,dodgerblue,"8km W of Holtville, CA"
2017-08-07T08:34:01.370Z,32.8155,-115.4641667,2.95,3-Feb,dodgerblue,"8km W of Holtville, CA"
2017-08-14T08:02:05.300Z,37.4626656,-118.8206635,2.94,3-Feb,dodgerblue,"24km SSE of Mammoth Lakes, California"
2017-08-10T22:52:09.670Z,33.151,-116.0431667,2.94,3-Feb,dodgerblue,"8km E of Ocotillo Wells, CA"
2017-07-21T17:20:41.990Z,36.4503333,-89.5701667,2.93,3-Feb,dodgerblue,"11km NW of Tiptonville, Tennessee"
2017-08-05T14:52:12.510Z,38.7398333,-122.7276667,2.92,3-Feb,dodgerblue,"4km SSE of The Geysers, California"
2017-08-09T20:41:49.210Z,37.1941667,-118.4851667,2.9,3-Feb,dodgerblue,"17km W of Big Pine, California"
2017-08-08T23:44:25.500Z,35.8619,-96.6837,2.9,3-Feb,dodgerblue,"12km N of Stroud, Oklahoma"
2017-08-06T03:40:33.240Z,36.9797,-104.9351,2.9,3-Feb,dodgerblue,"44km WSW of Trinidad, Colorado"
2017-08-06T02:38:02.390Z,37.2684,-97.601,2.9,3-Feb,dodgerblue,"14km SSE of Conway Springs, Kansas"
2017-08-05T05:15:51.410Z,37.4043,-97.4245,2.9,3-Feb,dodgerblue,"12km W of Belle Plaine, Kansas"
2017-08-04T05:02:34.350Z,46.8554,-112.5402,2.9,3-Feb,dodgerblue,"15km SE of Lincoln, Montana"
2017-08-03T11:05:41.490Z,35.8348,-97.3935,2.9,3-Feb,dodgerblue,"5km SSE of Guthrie, Oklahoma"
2017-08-03T09:57:08.410Z,44.7883333,-111.0283333,2.9,3-Feb,dodgerblue,"15km NNE of West Yellowstone, Montana"
2017-08-02T04:41:50.200Z,37.1275,-97.6156667,2.9,3-Feb,dodgerblue,"10km N of Caldwell, Kansas"
2017-07-24T01:59:00.100Z,36.9745,-99.3821,2.9,3-Feb,dodgerblue,"26km NE of Buffalo, Oklahoma"
2017-07-21T12:52:38.330Z,35.7941,-96.6599,2.9,3-Feb,dodgerblue,"5km N of Stroud, Oklahoma"
2017-07-21T11:58:59.370Z,36.9793,-99.4228,2.9,3-Feb,dodgerblue,"24km NE of Buffalo, Oklahoma"
2017-07-21T06:49:51.105Z,38.2156,-118.7884,2.9,3-Feb,dodgerblue,"37km SSW of Hawthorne, Nevada"
2017-07-21T05:40:50.480Z,37.4978333,-118.891,2.9,3-Feb,dodgerblue,"18km SSE of Mammoth Lakes, California"
2017-07-24T08:38:14.790Z,46.8398333,-112.4953333,2.89,3-Feb,dodgerblue,"19km SE of Lincoln, Montana"
2017-08-14T07:06:35.000Z,37.4650002,-118.8198318,2.88,3-Feb,dodgerblue,"24km SSE of Mammoth Lakes, California"
2017-07-18T20:52:45.190Z,44.7935,-111.035,2.88,3-Feb,dodgerblue,"15km NNE of West Yellowstone, Montana"
2017-08-12T16:28:05.850Z,37.4606667,-118.800499,2.87,3-Feb,dodgerblue,"25km SE of Mammoth Lakes, California"
2017-07-26T06:38:23.570Z,33.4863333,-116.8001667,2.87,3-Feb,dodgerblue,"8km NE of Aguanga, CA"
2017-07-21T05:37:09.240Z,37.499,-118.8916667,2.87,3-Feb,dodgerblue,"18km SSE of Mammoth Lakes, California"
2017-08-15T13:59:01.950Z,36.3928333,-89.5301667,2.86,3-Feb,dodgerblue,"5km WNW of Tiptonville, Tennessee"
2017-08-10T17:04:09.120Z,32.8186667,-115.464,2.86,3-Feb,dodgerblue,"8km W of Holtville, CA"
2017-08-10T07:41:42.550Z,37.6161652,-118.4508362,2.86,3-Feb,dodgerblue,"25km N of Dixon Lane-Meadow Creek, California"
2017-08-09T22:08:23.430Z,37.5540009,-118.8826675,2.86,3-Feb,dodgerblue,"13km SE of Mammoth Lakes, California"
2017-08-08T17:29:14.650Z,37.0173333,-121.474,2.84,3-Feb,dodgerblue,"8km E of Gilroy, California"
2017-08-03T00:18:17.330Z,44.8043333,-111.0661667,2.84,3-Feb,dodgerblue,"16km N of West Yellowstone, Montana"
2017-07-28T14:31:23.750Z,40.3508333,-125.001,2.84,3-Feb,dodgerblue,"67km WSW of Ferndale, California"
2017-07-22T13:11:43.830Z,37.5096667,-118.8001667,2.84,3-Feb,dodgerblue,"21km SE of Mammoth Lakes, California"
2017-07-18T20:40:24.960Z,44.7915,-111.04,2.83,3-Feb,dodgerblue,"15km NNE of West Yellowstone, Montana"
2017-08-17T11:51:58.690Z,46.1291667,-111.4403333,2.82,3-Feb,dodgerblue,"22km SSE of Townsend, Montana"
2017-07-23T22:38:44.540Z,46.9048333,-112.5203333,2.81,3-Feb,dodgerblue,"13km ESE of Lincoln, Montana"
2017-07-22T02:19:52.990Z,46.8758333,-112.5316667,2.81,3-Feb,dodgerblue,"14km SE of Lincoln, Montana"
2017-08-07T19:21:18.840Z,31.2768333,-116.795,2.8,3-Feb,dodgerblue,"54km SSW of Maneadero, B.C., MX"
2017-08-06T15:09:55.480Z,36.2233,-98.4196,2.8,3-Feb,dodgerblue,"7km SE of Fairview, Oklahoma"
2017-08-05T05:39:58.910Z,37.1344,-97.6195,2.8,3-Feb,dodgerblue,"11km N of Caldwell, Kansas"
2017-08-04T17:05:36.040Z,31.1612,-103.2706,2.8,3-Feb,dodgerblue,"35km SE of Pecos, Texas"
2017-08-01T15:15:43.660Z,44.8033333,-111.0736667,2.8,3-Feb,dodgerblue,"15km N of West Yellowstone, Montana"
2017-07-25T00:43:13.510Z,37.2778,-97.9672,2.8,3-Feb,dodgerblue,"5km E of Harper, Kansas"
2017-07-25T00:22:31.650Z,40.6696667,-123.2848333,2.8,3-Feb,dodgerblue,"15km NW of Hayfork, California"
2017-07-24T00:13:16.500Z,35.9927,-96.788,2.8,3-Feb,dodgerblue,"2km WNW of Cushing, Oklahoma"
2017-07-21T16:59:10.940Z,36.8621667,-121.3283333,2.8,3-Feb,dodgerblue,"6km E of Hollister, California"
2017-07-21T11:35:11.916Z,38.2147,-118.7841,2.8,3-Feb,dodgerblue,"37km SSW of Hawthorne, Nevada"
2017-08-05T18:04:36.510Z,44.7938333,-111.0538333,2.78,3-Feb,dodgerblue,"15km NNE of West Yellowstone, Montana"
2017-08-05T14:59:57.480Z,44.797,-111.0091667,2.78,3-Feb,dodgerblue,"16km NNE of West Yellowstone, Montana"
2017-08-08T19:38:43.120Z,38.746666,-122.7278366,2.77,3-Feb,dodgerblue,"4km SE of The Geysers, California"
2017-07-31T11:22:10.020Z,38.7478333,-122.7218333,2.77,3-Feb,dodgerblue,"4km SE of The Geysers, California"
2017-07-26T14:26:48.680Z,37.5278333,-118.827,2.77,3-Feb,dodgerblue,"18km SE of Mammoth Lakes, California"
2017-07-20T21:05:51.050Z,31.8483333,-117.0771667,2.77,3-Feb,dodgerblue,"38km W of El Sauzal, B.C., MX"
2017-07-18T17:47:31.800Z,36.0203333,-120.5805,2.77,3-Feb,dodgerblue,"23km SW of Coalinga, California"
2017-07-27T12:20:15.460Z,38.6468333,-122.1898333,2.76,3-Feb,dodgerblue,"15km WSW of Esparto, California"
2017-08-11T20:38:29.100Z,36.8221664,-121.5516663,2.75,3-Feb,dodgerblue,"2km SSW of San Juan Bautista, California"
2017-08-03T18:38:52.330Z,44.8016667,-111.071,2.75,3-Feb,dodgerblue,"15km N of West Yellowstone, Montana"
2017-08-05T14:25:46.150Z,46.891,-112.509,2.74,3-Feb,dodgerblue,"14km ESE of Lincoln, Montana"
2017-07-24T02:29:32.990Z,37.4693333,-118.821,2.74,3-Feb,dodgerblue,"23km SE of Mammoth Lakes, California"
2017-07-23T04:53:49.980Z,35.3751667,-117.8153333,2.74,3-Feb,dodgerblue,"16km W of Johannesburg, CA"
2017-08-11T03:00:11.450Z,37.7956657,-122.6011658,2.73,3-Feb,dodgerblue,"10km SSW of Tamalpais-Homestead Valley, California"
2017-08-10T17:36:48.900Z,32.8078333,-115.4576667,2.73,3-Feb,dodgerblue,"7km W of Holtville, CA"
2017-07-23T13:22:58.710Z,35.725,-84.165,2.73,3-Feb,dodgerblue,"7km N of Greenback, Tennessee"
2017-08-05T01:24:36.240Z,37.5571671,-118.8296661,2.72,3-Feb,dodgerblue,"16km SE of Mammoth Lakes, California"
2017-08-16T16:42:08.690Z,37.5460014,-118.8755035,2.71,3-Feb,dodgerblue,"14km SE of Mammoth Lakes, California"
2017-08-14T13:33:23.000Z,38.0598335,-118.918663,2.71,3-Feb,dodgerblue,"34km SE of Bridgeport, California"
2017-08-13T14:45:39.570Z,32.8834,-100.895,2.7,3-Feb,dodgerblue,"18km N of Snyder, Texas"
2017-08-12T15:41:49.210Z,35.8627,-96.657,2.7,3-Feb,dodgerblue,"12km N of Stroud, Oklahoma"
2017-08-12T12:53:06.440Z,36.4492,-98.7188,2.7,3-Feb,dodgerblue,"29km NW of Fairview, Oklahoma"
2017-08-04T08:58:29.090Z,46.8115,-112.5575,2.7,3-Feb,dodgerblue,"18km SSE of Lincoln, Montana"
2017-08-04T00:40:14.830Z,35.945,-83.5611667,2.7,3-Feb,dodgerblue,"8km N of Sevierville, Tennessee"
2017-07-28T04:18:53.190Z,36.9917,-99.3337,2.7,3-Feb,dodgerblue,"30km S of Coldwater, Kansas"
2017-07-26T19:03:36.350Z,33.1671667,-115.6448333,2.7,3-Feb,dodgerblue,"13km WNW of Calipatria, CA"
2017-07-26T12:13:13.150Z,33.4818333,-116.7996667,2.7,3-Feb,dodgerblue,"8km NE of Aguanga, CA"
2017-07-26T11:21:17.220Z,35.7885,-96.647,2.7,3-Feb,dodgerblue,"4km NNE of Stroud, Oklahoma"
2017-07-25T09:08:43.110Z,47.5841667,-122.5815,2.7,3-Feb,dodgerblue,"1km E of Enetai, Washington"
2017-07-21T19:39:38.440Z,36.9554,-99.3848,2.7,3-Feb,dodgerblue,"25km ENE of Buffalo, Oklahoma"
2017-07-21T01:03:01.090Z,37.508,-118.889,2.7,3-Feb,dodgerblue,"17km SSE of Mammoth Lakes, California"
2017-08-14T14:04:56.690Z,44.5766667,-110.7643333,2.69,3-Feb,dodgerblue,"13km NNE of Old Faithful Geyser, Wyoming"
2017-08-07T08:24:27.890Z,34.1941667,-117.5068333,2.69,3-Feb,dodgerblue,"7km S of Lytle Creek, CA"
2017-08-05T17:36:00.670Z,44.7881667,-111.0188333,2.69,3-Feb,dodgerblue,"15km NNE of West Yellowstone, Montana"
2017-08-05T16:57:50.920Z,44.7925,-111.0715,2.69,3-Feb,dodgerblue,"14km N of West Yellowstone, Montana"
2017-07-22T22:38:05.070Z,40.3975,-124.925,2.69,3-Feb,dodgerblue,"59km WSW of Ferndale, California"
2017-08-12T10:25:56.920Z,33.9698333,-116.3728333,2.68,3-Feb,dodgerblue,"12km E of Desert Hot Springs, CA"
2017-07-21T21:53:24.400Z,32.2398333,-115.0521667,2.68,3-Feb,dodgerblue,"7km NW of Estacion Coahuila, B.C., MX"
2017-07-28T03:40:17.880Z,35.4498333,-118.4123333,2.67,3-Feb,dodgerblue,"17km SSE of Bodfish, CA"
2017-08-14T06:01:23.550Z,37.4598351,-118.8219986,2.66,3-Feb,dodgerblue,"24km SSE of Mammoth Lakes, California"
2017-07-29T00:48:28.790Z,37.4721667,-118.8138333,2.66,3-Feb,dodgerblue,"24km SE of Mammoth Lakes, California"
2017-07-26T04:57:10.040Z,44.2373333,-110.7853333,2.65,3-Feb,dodgerblue,"25km S of Old Faithful Geyser, Wyoming"
2017-07-22T22:23:33.440Z,35.7926667,-92.2516667,2.65,3-Feb,dodgerblue,"14km SW of Mountain View, Arkansas"
2017-08-07T14:08:09.740Z,44.7938333,-111.0511667,2.64,3-Feb,dodgerblue,"15km NNE of West Yellowstone, Montana"
2017-08-03T03:15:54.720Z,44.7915,-111.022,2.64,3-Feb,dodgerblue,"15km NNE of West Yellowstone, Montana"
2017-08-02T05:07:13.440Z,37.3891667,-118.1223333,2.64,3-Feb,dodgerblue,"24km E of Bishop, California"
2017-07-28T02:00:49.420Z,34.1285,-117.4783333,2.64,3-Feb,dodgerblue,"4km NNW of Fontana, CA"
2017-07-26T01:53:52.310Z,33.2348333,-116.091,2.64,3-Feb,dodgerblue,"11km NNE of Ocotillo Wells, CA"
2017-07-22T06:12:11.140Z,37.5435,-118.8406667,2.64,3-Feb,dodgerblue,"16km SE of Mammoth Lakes, California"
2017-07-21T23:24:08.700Z,36.471,-116.551,2.64,3-Feb,dodgerblue,"27km E of Furnace Creek, CA"
2017-08-08T10:00:11.730Z,32.1188333,-115.0636667,2.63,3-Feb,dodgerblue,"10km SW of Estacion Coahuila, B.C., MX"
2017-07-18T21:32:05.160Z,31.4755,-115.4936667,2.63,3-Feb,dodgerblue,"89km SSW of Alberto Oviedo Mota, B.C., MX"
2017-08-12T22:28:31.450Z,38.6086655,-119.4905014,2.61,3-Feb,dodgerblue,"22km SSW of Smith Valley, Nevada"
2017-08-05T11:53:34.620Z,44.796,-111.0728333,2.61,3-Feb,dodgerblue,"15km N of West Yellowstone, Montana"
2017-08-17T10:39:52.070Z,47.4975014,-121.7753296,2.6,3-Feb,dodgerblue,"0km ENE of North Bend, Washington"
2017-08-13T03:22:45.060Z,35.9451,-97.7813,2.6,3-Feb,dodgerblue,"16km NE of Kingfisher, Oklahoma"
2017-08-08T21:07:39.533Z,39.3402,-115.5939,2.6,3-Feb,dodgerblue,"36km ESE of Eureka, Nevada"
2017-08-08T20:19:10.230Z,36.8142,-97.6257,2.6,3-Feb,dodgerblue,"9km E of Medford, Oklahoma"
2017-08-07T14:31:09.840Z,36.3283,-98.0895,2.6,3-Feb,dodgerblue,"17km WNW of Waukomis, Oklahoma"
2017-08-05T00:19:35.910Z,36.7018,-98.4185,2.6,3-Feb,dodgerblue,"8km SW of Cherokee, Oklahoma"
2017-08-03T22:01:04.180Z,35.6636,-97.1703,2.6,3-Feb,dodgerblue,"2km E of Luther, Oklahoma"
2017-08-02T23:51:03.410Z,36.3991,-99.0917,2.6,3-Feb,dodgerblue,"11km ESE of Mooreland, Oklahoma"
2017-08-02T22:16:38.430Z,35.6674,-97.3994,2.6,3-Feb,dodgerblue,"7km ENE of Edmond, Oklahoma"
2017-07-31T07:49:30.470Z,36.4548,-98.7757,2.6,3-Feb,dodgerblue,"33km NW of Fairview, Oklahoma"
2017-07-30T20:19:16.110Z,37.0674,-97.7213,2.6,3-Feb,dodgerblue,"10km WNW of Caldwell, Kansas"
2017-07-29T21:09:03.320Z,36.2781,-97.5062,2.6,3-Feb,dodgerblue,"19km W of Perry, Oklahoma"
2017-07-27T16:57:42.480Z,40.3128333,-124.5596667,2.6,3-Feb,dodgerblue,"38km SW of Ferndale, California"
2017-07-27T16:43:33.000Z,46.871,-112.5508,2.6,3-Feb,dodgerblue,"13km SE of Lincoln, Montana"
2017-07-26T02:55:31.900Z,36.9686,-99.3641,2.6,3-Feb,dodgerblue,"27km ENE of Buffalo, Oklahoma"
2017-07-26T00:01:37.400Z,34.8866,-97.5565,2.6,3-Feb,dodgerblue,"7km NE of Lindsay, Oklahoma"
2017-07-24T13:46:05.300Z,36.4838,-98.7295,2.6,3-Feb,dodgerblue,"32km NW of Fairview, Oklahoma"
2017-07-23T15:08:30.330Z,46.8152,-112.6356,2.6,3-Feb,dodgerblue,"15km SSE of Lincoln, Montana"
2017-07-22T19:49:51.930Z,46.842,-112.5757,2.6,3-Feb,dodgerblue,"14km SSE of Lincoln, Montana"
2017-07-22T00:20:04.230Z,35.86,-96.6664,2.6,3-Feb,dodgerblue,"12km N of Stroud, Oklahoma"
2017-07-20T19:49:05.890Z,37.0713,-97.983,2.6,3-Feb,dodgerblue,"10km SSE of Anthony, Kansas"
2017-07-19T09:49:21.780Z,37.495,-118.89,2.6,3-Feb,dodgerblue,"18km SSE of Mammoth Lakes, California"
2017-07-18T19:35:39.060Z,35.2236,-97.8895,2.6,3-Feb,dodgerblue,"9km SW of Tuttle, Oklahoma"
2017-08-13T07:31:47.180Z,37.4819984,-118.8311691,2.59,3-Feb,dodgerblue,"22km SE of Mammoth Lakes, California"
2017-08-12T00:24:59.510Z,37.4959984,-118.8383331,2.59,3-Feb,dodgerblue,"20km SE of Mammoth Lakes, California"
2017-08-05T15:55:07.330Z,44.7855,-111.0125,2.59,3-Feb,dodgerblue,"15km NNE of West Yellowstone, Montana"
2017-08-15T02:09:01.700Z,45.0601667,-117.2006667,2.58,3-Feb,dodgerblue,"32km S of Joseph, Oregon"
2017-08-08T12:48:24.210Z,37.463501,-118.8001633,2.58,3-Feb,dodgerblue,"25km SE of Mammoth Lakes, California"
2017-08-03T03:26:34.500Z,37.0501667,-118.2803333,2.58,3-Feb,dodgerblue,"12km S of Big Pine, California"
2017-08-07T12:27:59.000Z,32.8248333,-115.4686667,2.57,3-Feb,dodgerblue,"8km W of Holtville, CA"
2017-08-05T16:06:57.230Z,40.7486667,-124.5175,2.57,3-Feb,dodgerblue,"27km W of Humboldt Hill, California"
2017-08-15T20:01:30.620Z,37.4828339,-118.8178329,2.56,3-Feb,dodgerblue,"22km SE of Mammoth Lakes, California"
2017-08-13T07:14:15.800Z,38.7936668,-122.8001633,2.56,3-Feb,dodgerblue,"4km WNW of The Geysers, California"
2017-08-13T03:45:05.340Z,46.9035,-112.5055,2.56,3-Feb,dodgerblue,"14km ESE of Lincoln, Montana"
2017-08-12T21:31:01.390Z,45.7175,-112.127,2.56,3-Feb,dodgerblue,"17km S of Whitehall, Montana"
2017-08-01T00:11:21.200Z,40.4161667,-124.3803333,2.56,3-Feb,dodgerblue,"20km SSW of Ferndale, California"
2017-07-26T04:58:08.240Z,44.2385,-110.7891667,2.56,3-Feb,dodgerblue,"24km S of Old Faithful Geyser, Wyoming"
2017-07-18T20:51:34.520Z,44.7791667,-111.0226667,2.56,3-Feb,dodgerblue,"Yellowstone National Park, Wyoming"
2017-08-03T03:02:07.820Z,44.7895,-111.0181667,2.55,3-Feb,dodgerblue,"15km NNE of West Yellowstone, Montana"
2017-07-31T01:38:58.450Z,37.5131667,-118.8651667,2.55,3-Feb,dodgerblue,"17km SSE of Mammoth Lakes, California"
2017-07-20T03:21:06.970Z,48.5896667,-119.5261667,2.55,3-Feb,dodgerblue,"14km SSW of Tonasket, Washington"
2017-08-15T05:43:57.740Z,37.5670013,-118.8441696,2.54,3-Feb,dodgerblue,"14km SE of Mammoth Lakes, California"
2017-08-11T21:09:51.010Z,44.6283333,-114.5008333,2.54,3-Feb,dodgerblue,"25km WNW of Challis, Idaho"
2017-08-12T03:03:01.960Z,46.906,-112.5325,2.53,3-Feb,dodgerblue,"12km ESE of Lincoln, Montana"
2017-08-09T14:49:31.110Z,46.944,-112.718,2.53,3-Feb,dodgerblue,"3km WSW of Lincoln, Montana"
2017-08-06T21:51:09.260Z,44.7931667,-111.0546667,2.53,3-Feb,dodgerblue,"15km NNE of West Yellowstone, Montana"
2017-08-15T16:01:09.450Z,37.5680008,-118.8411636,2.52,3-Feb,dodgerblue,"14km SE of Mammoth Lakes, California"
2017-08-17T08:06:06.870Z,47.5751648,-120.3281631,2.51,3-Feb,dodgerblue,"11km N of Sunnyslope, Washington"
2017-08-15T12:27:14.350Z,37.3268333,-97.7803333,2.51,3-Feb,dodgerblue,"14km WSW of Conway Springs, Kansas"
2017-08-14T06:21:40.940Z,37.4631653,-118.8201675,2.51,3-Feb,dodgerblue,"24km SSE of Mammoth Lakes, California"
2017-08-12T21:13:20.830Z,37.4599991,-118.8010025,2.51,3-Feb,dodgerblue,"25km SE of Mammoth Lakes, California"
2017-08-05T15:52:20.700Z,37.2756667,-97.6206667,2.51,3-Feb,dodgerblue,"12km S of Conway Springs, Kansas"
2017-07-24T10:48:31.620Z,35.6756667,-118.08,2.51,3-Feb,dodgerblue,"24km W of Inyokern, CA"
2017-08-15T20:38:44.780Z,34.999,-97.8418,2.5,3-Feb,dodgerblue,"9km NE of Ninnekah, Oklahoma"
2017-08-10T00:41:00.640Z,30.8577,-103.4233,2.5,3-Feb,dodgerblue,"52km W of Fort Stockton, Texas"
2017-08-09T04:16:11.440Z,46.897,-112.5236667,2.5,3-Feb,dodgerblue,"13km ESE of Lincoln, Montana"
2017-08-08T00:55:45.780Z,46.8799,-112.6849,2.5,3-Feb,dodgerblue,"8km S of Lincoln, Montana"
2017-08-07T12:04:09.220Z,35.4033333,-84.6248333,2.5,3-Feb,dodgerblue,"5km SSW of Athens, Tennessee"
2017-08-04T16:42:28.450Z,35.837,-97.3874,2.5,3-Feb,dodgerblue,"5km SE of Guthrie, Oklahoma"
2017-08-02T06:08:30.430Z,37.5768333,-118.9218333,2.5,3-Feb,dodgerblue,"9km SSE of Mammoth Lakes, California"
2017-07-31T02:12:32.400Z,36.9715,-99.38,2.5,3-Feb,dodgerblue,"26km NE of Buffalo, Oklahoma"
2017-07-30T15:54:42.800Z,36.5353,-98.9673,2.5,3-Feb,dodgerblue,"23km ENE of Mooreland, Oklahoma"
2017-07-29T12:32:47.430Z,36.2743,-97.5094,2.5,3-Feb,dodgerblue,"19km W of Perry, Oklahoma"
2017-07-25T14:57:51.000Z,36.3939,-98.322,2.5,3-Feb,dodgerblue,"17km SSW of Helena, Oklahoma"
2017-07-24T07:20:26.430Z,46.9046667,-112.5058333,2.5,3-Feb,dodgerblue,"14km ESE of Lincoln, Montana"
2017-07-23T10:26:30.900Z,36.0767,-97.2025,2.5,3-Feb,dodgerblue,"13km WSW of Stillwater, Oklahoma"
2017-07-19T04:10:10.530Z,36.2339,-97.5603,2.5,3-Feb,dodgerblue,"25km WSW of Perry, Oklahoma"
2017-08-10T17:40:14.700Z,32.8243333,-115.4683333,2.49,3-Feb,dodgerblue,"8km W of Holtville, CA"
2017-08-07T05:42:54.140Z,31.8213333,-115.6266667,2.49,3-Feb,dodgerblue,"62km SW of Alberto Oviedo Mota, B.C., MX"
2017-07-28T01:28:18.260Z,37.5381667,-118.8461667,2.48,3-Feb,dodgerblue,"16km SE of Mammoth Lakes, California"
2017-07-27T11:53:01.400Z,48.5021667,-114.5736667,2.48,3-Feb,dodgerblue,"20km WNW of Whitefish, Montana"
2017-07-21T01:52:11.570Z,37.5513333,-118.9871667,2.47,3-Feb,dodgerblue,"10km S of Mammoth Lakes, California"
2017-08-13T01:36:01.820Z,37.4724998,-118.824501,2.46,3-Feb,dodgerblue,"23km SSE of Mammoth Lakes, California"
2017-08-11T01:46:03.560Z,31.9816667,-116.218,2.46,3-Feb,dodgerblue,"40km ENE of Ensenada, B.C., MX"
2017-08-06T12:04:31.040Z,44.8008333,-111.0648333,2.46,3-Feb,dodgerblue,"15km NNE of West Yellowstone, Montana"
2017-08-02T01:06:23.730Z,37.4743333,-118.8345,2.46,3-Feb,dodgerblue,"22km SSE of Mammoth Lakes, California"
2017-08-13T17:12:20.030Z,47.5806667,-122.57,2.45,3-Feb,dodgerblue,"2km ESE of Enetai, Washington"
2017-08-01T02:20:07.240Z,36.9273333,-119.149,2.45,3-Feb,dodgerblue,"22km NNE of Squaw Valley, California"
2017-07-18T16:19:55.120Z,44.7901667,-111.0211667,2.45,3-Feb,dodgerblue,"15km NNE of West Yellowstone, Montana"
